Product Name,Descriptions,Price,imageLink
Realme C25s 4/128 RAM 4GB Internal 128GB Garansi Resmi Indonesia - Abu - Abu-abu,"Garansi Resmi Realme Indonesia Resmi IMEI sudah terdaftar Check imei : https://www.kemenperin.go.id/imei/ Jadi saat hp diaktifkan / dipakai otomatis GARANSI Berlaku Note : Sebelum kirim kami open pack untuk sobek kartu garansi untuk penjual dan cek fisik . Membeli berarti Setuju. Untuk Mengurangi Resiko Kerusakan saat pengiriman Paket  disarankan untuk order ini juga ya kak - Extra Bubble wrap https://www.tokopedia.com/sfoneomnistore/tambahan-bubble-wrap-untuk-packing-agar-lebih-aman - Extra Box https://www.tokopedia.com/sfoneomnistore/tambahan-box-untuk-packing-agar-lebih-aman DISPLAY Type IPS LCD  480 nits (typ)  570 nits (peak) Size 6.5 inches  102.0 cm2 (~81.7% screen-to-body ratio) Resolution 720 x 1600 pixels  20:9 ratio (~270 ppi density) PLATFORM OS Android 11  Realme UI 2.0 Chipset MediaTek Helio G85 (12nm) CPU Octa-core (2x2.0 GHz Cortex-A75 & 6x1.8 GHz Cortex-A55) GPU Mali-G52 MC2 MEMORY Card slot microSDXC (dedicated slot) RAM 4GB INTERNAL 128GB eMMC 5.1 MAIN CAMERA Triple 48 MP  f/1.8  26mm (wide)  PDAF (International model) or 13 MP  f/2.2  26mm (wide)  1/3.06""  1.12¬µm  PDAF (India model) 2 MP  f/2.4  (macro) 2 MP  f/2.4  (depth) Features LED flash  HDR  panorama Video 1080p@30/60fps SELFIE CAMERA Single 8 MP  f/2.0  26mm (wide)  1/4.0""  1.12¬µm Features HDR  panorama Video 1080p@30fps",2.208.000,https://images.tokopedia.net/img/cache/500-square/VqbcmM/2021/9/6/2a5c588a-59c8-4020-8bb1-25ec5251c4aa.jpg?ect=4g
Samsung M12 4/64 GB Garasi Resmi SEIN - Hijau,Ready Stok *10 November 2021 SIM Dual SIM (Nano-SIM  dual stand-by) Size 6.5 inches PLATFORM OS Android 11  One UI Core 3.1 Chipset Exynos 850 (8nm) CPU Octa-core (4x2.0 GHz Cortex-A55 & 4x2.0 GHz Cortex-A55) GPU Mali-G52 MEMORY Internal 64GB 4GB RAM MAIN CAMERA Quad 48 MP  5 MP 2 MP 2 MP  SELFIE CAMERA Single 8 MP  BATTERY Type Li-Po 5000 mAh  non-removable,1.889.000,https://images.tokopedia.net/img/cache/500-square/VqbcmM/2021/6/21/04fb9882-da03-4c76-b5a8-95f38c103caa.jpg?ect=4g
Samsung Galaxy S20 FE SM-G780G Snapdragon 8/128 GB Garansi Resmi SEIN - Cloud Mint,TOLONG DIBACA SETELAH BACA LANGSUNG ORDER AJA KEBURU KEDULUAN ORANG LAIN! PERTANYAAN PALING SERING DI CHAT Pembeli : Kak ini snapdragon? Seller : SNAPDRAGON 865 Pembeli : Udah 5G belum? Seller : S20 FE Snapdragon 865 versi Indonesia masih 4G ya Pembeli : Garansi resmi SEIN? Seller : SEGEL ASLI GARANSI RESMI SEIN (SAMSUNG ELECTRONIC INDONESIA) Pembeli : Ready warna apa kak? Seller : LANGSUNG PILIH VARIAN AJA. YANG BISA DIPILIH PASTI READY Silahkan dibeli Thank youu,6.699.000,https://images.tokopedia.net/img/cache/500-square/VqbcmM/2021/11/9/14e16f8a-c63a-468e-92b7-52c023a2bac5.jpg?ect=4g
XIAOMI Redmi 4A RAM 2/16 GARANSI DISTRIBUTOR 1 TAHUN - Gold,"silahkan klik link dibawah ini bagi yang menginginkan kondisi wraping https://www.tokopedia.com/bonkbonkshop/wrapping-plastik-film-utk-semua-type?m_id=15454255 link extra bubble packing https://www.tokopedia.com/bonkbonkshop/extra-bubble-packing NETWORK Technology GSM / HSPA / LTE LAUNCH Announced 2016  November Status Available. Released 2016  November BODY Dimensions 139.9 x 70.4 x 8.5 mm (5.51 x 2.77 x 0.33 in) Weight 131.5 g (4.66 oz) SIM Hybrid Dual SIM (Nano-SIM/ Micro-SIM  dual stand-by) DISPLAY Type IPS LCD capacitive touchscreen  16M colors Size 5.0 inches  68.0 cm2 (~69.0% screen-to-body ratio) Resolution 720 x 1280 pixels  16:9 ratio (~296 ppi density) PLATFORM OS Android 6.0.1 (Marshmallow); MIUI 10 Chipset Qualcomm MSM8917 Snapdragon 425 (28 nm) CPU Quad-core 1.4 GHz Cortex-A53 GPU Adreno 308 MEMORY Card slot microSD  up to 256 GB (uses SIM 2 slot) Internal 16/32 GB  2 GB RAM MAIN CAMERA Single 13 MP  AF  f/2.2 Features LED flash  HDR  panorama Video 1080p@30fps SELFIE CAMERA Single 5 MP  f/2.2 BATTERY Non-removable Li-Ion 3120 mAh battery NB : - ongkir returan pp ditanggung full oleh pembeli - accesories tidak bergaransi - tanpa headset - barang yg diretur harus dlm keadaan seperti baru tidak lecet dan lengkap dengan segel serta pelindung layar jangan sampai hilang ( dus hp jangan rusak/penyok ) - produk yang bergaransi distributor tidak ada wraping plastik/segel dikarenakan produk akan kita quality control terlebih dahulu sebelum proses kirim   bagi anda yg ingin kondisi wraping plastik harap tambahkan ke keranjang produk "" WRAPING PLASTIK "" - mohon maaf untuk yang ngasih ulasan dan rating jelek tidak akan dibantu proses returnya - tidak disarankan untuk melakukan update sistem/software   segala aplikasi/fitur yang hilang dan kerusakan yang timbul diluar tanggung jawab garansi distributor - garansi tidak berlaku apabila terjadi kerusakan yang disebabkan oleh kesalahan pemakai",545.000,https://images.tokopedia.net/img/cache/500-square/product-1/2019/10/24/41842672/41842672_e1e29eff-3615-4164-96a7-cd6c0992e1dd_479_479?ect=4g
Realme C21Y 4/64 RAM 4GB Internal 64GB Garansi Resmi Indonesia - Cross Black,Garansi Resmi Realme Indonesia Resmi IMEI sudah terdaftar Check imei : https://www.kemenperin.go.id/imei/ Jadi saat hp diaktifkan / dipakai otomatis GARANSI Berlaku Agar mengurangi Resiko Kerusakan saat pengiriman Paket  disarankan untuk order ini juga ya gan - Extra Bubble wrap https://www.tokopedia.com/votevip/tambahan-bubble-wrap-untuk-packing-agar-lebih-aman - Extra Box https://www.tokopedia.com/votevip/tambahan-box-untuk-packing-agar-lebih-aman NOTE : REALME PASTI BUKA SEGEL DAN REPACK UNTUK PENGAKTIFAN GARANSI  MEMBELI BERARTI SETUJU Spesifikasi Singkat Realme C21Y : Body : Dimensi 164 5 x 76 x 9 1 mm Berat 200 gr Layar : 6 5 inci 720 x 1600 pixel LCD IPS Chipset & OS : Unisoc T610 GPU Mali-G52 Android 10  Realme UI Memori : RAM 4GB + ROM 64GB Memori eksternal sampai 256GB Kamera utama : Triple camera 13MP  f/2.2  26mm (wide); 2MP  f/2.4  (macro); 2MP  f/2.4  (depth) Perekaman video sampai 1080p@30fps Kamera depan : Single camera 5MP  f/2.2  (wide) Perekaman video sampai 1080p@30fps Baterai 5.000 mAh Fitur : Dual SIM microUSB Fingerprint Audio jack 3 5mm,1.694.000,https://images.tokopedia.net/img/cache/500-square/VqbcmM/2021/7/22/f839c842-2ab9-4cd9-9e35-4a7470986473.jpg?ect=4g
Realme C25S (4/128) Garansi Resmi - Biru,"100% Garansi Resmi 1tahun Realme Indonesia 100% Original BODY Dimensions 164.5 x 75.9 x 9.6 mm (6.48 x 2.99 x 0.38 in) Weight 209 g (7.37 oz) Build Glass front  plastic back  plastic frame SIM Dual SIM (Nano-SIM  dual stand-by) DISPLAY Type IPS LCD  480 nits (typ)  570 nits (peak) Size 6.5 inches  102.0 cm2 (~81.7% screen-to-body ratio) Resolution 720 x 1600 pixels  20:9 ratio (~270 ppi density) PLATFORM OS Android 11  Realme UI 2.0 Chipset MediaTek Helio G85 (12nm) CPU Octa-core (2x2.0 GHz Cortex-A75 & 6x1.8 GHz Cortex-A55) GPU Mali-G52 MC2 MEMORY Card slot microSDXC (dedicated slot) Internal 128GB 4GB RAM eMMC 5.1 MAIN CAMERA Triple 48 MP  f/1.8  26mm (wide)  PDAF (International model) or 13 MP  f/2.2  26mm (wide)  1/3.06""  1.12¬µm  PDAF (India model) 2 MP  f/2.4  (macro) 2 MP  f/2.4  (depth) Features LED flash  HDR  panorama Video 1080p@30/60fps SELFIE CAMERA Single 8 MP  f/2.0  26mm (wide)  1/4.0""  1.12¬µm Features HDR  panorama Video 1080p@30fps SOUND Loudspeaker Yes 3.5mm jack Yes COMMS WLAN Wi-Fi 802.11 a/b/g/n/ac  dual-band  Wi-Fi Direct  hotspot Bluetooth 5.0  A2DP  LE GPS Yes  with A-GPS  GLONASS  BDS NFC No Radio Unspecified USB USB Type-C 2.0  USB On-The-Go FEATURES Sensors Fingerprint (rear-mounted)  accelerometer  proximity  compass BATTERY Type Li-Po 6000 mAh  non-removable Charging Fast charging 18W Reverse charging repacking",2.179.000,https://images.tokopedia.net/img/cache/500-square/VqbcmM/2021/8/19/cc2e9bf0-3f5c-4079-aa55-5a5caaed0a7b.jpg?ect=4g
Nokia G20 4/64GB Ram 4Gb Rom 64GB Garansi Resmi - Biru,Ukuran layar: 6.52 inches  720 x 1600 pixels (~269 ppi density) IPS LCD Memori: RAM 4GB  ROM 64GB  microSDXC slot Sistem operasi: Android 11 CPU: MediaTek Helio G35 (12 nm)  Octa-core (4x2.3 GHz Cortex-A53 & 4x1.8 GHz Cortex-A53) GPU: PowerVR GE8320 Kamera Belakang: 48 MP f/1.8 PDAF (wide)  5 MP (ultrawide)  2 MP (macro)  2 MP (depth) Kamera Depan: 8 MP (wide) SIM: Dual SIM (Nano-SIM  dual stand-by) Baterai: Li-Po 5050 mAh  non-removable Berat: 197 gr Garansi Resmi Brand Nokia Warna Night Jaringan GSM / HSPA / LTE Sistem Operasi Android 11 Prosesor MediaTek Helio G35 (12 nm)  Octa-core (4x2.3 GHz Cortex-A53 & 4x1.8 GHz Cortex-A53) GPU PowerVR GE8320 RAM 4 GB ROM 64 GB Ukuran Layar 6.52 inch Tipe Layar IPS LCD Resolusi Layar 720 x 1600 pixels  20:9 ratio (~269 ppi density) Kamera Belakang 48 MP  f/1.8  (wide)  PDAF 5 MP  (ultrawide) 2 MP  (macro) 2 MP  (depth) Kamera Depan 8 MP  (wide) Fitur Kamera LED flash  HDR  panorama Audio Loudspeaker & 3.5mm jack WLAN Wi-Fi 802.11 b/g/n  hotspot Bluetooth 5.0  A2DP  LE GPS A-GPS  GLONASS  BDS Sensor Fingerprint (side-mounted)  accelerometer  gyro  proximity Baterai 5050 mAh Pengisian Daya 10W Slot Memori Eksternal MicroSD Slot SIM Dual Nano SIM Berat 197 gr Dimensi 164 9 x 76 x 9 2 mm Lainnya Radio FM radio NFC,2.328.000,https://images.tokopedia.net/img/cache/500-square/VqbcmM/2021/7/13/7925b75f-1146-4753-b02d-a5ea2d8f21bd.jpg?ect=4g
XIAOMI POCOPHONE POCO M3 - 6GB 128GB - 6/128 GARANSI RESMI - Power Black,"XIAOMI POCOPHONE POCO M3 6/128GB GARANSI RESMI XIAOMI INDONESIA IMEI TERDAFTAR DI WEBSITE KEMENPERIN WARNA TERSEDIA SESUAI VARIAN - Power Black - Cool Blue - POCO Yellow Spesifikasi : NETWORK Technology GSM / HSPA / LTE LAUNCH Announced 2020  November 24 Status Available. Released 2020  November 27 BODY Dimensions 162.3 x 77.3 x 9.6 mm (6.39 x 3.04 x 0.38 in) Weight 198 g (6.98 oz) Build Glass front (Gorilla Glass 3)  plastic back  plastic frame SIM Dual SIM (Nano-SIM  dual stand-by) DISPLAY Type IPS LCD  400 nits (typ) Size 6.53 inches  104.7 cm2 (~83.4% screen-to-body ratio) Resolution 1080 x 2340 pixels  19.5:9 ratio (~395 ppi density) Protection Corning Gorilla Glass 3 PLATFORM OS Android 10  MIUI 12 Chipset Qualcomm SM6115 Snapdragon 662 (11 nm) CPU Octa-core (4x2.0 GHz Kryo 260 Gold & 4x1.8 GHz Kryo 260 Silver) GPU Adreno 610 MEMORY Card slot microSDXC (dedicated slot) Internal 64GB 4GB RAM  128GB 4GB RAM UFS 2.1 - 64GB 4GB RAM UFS 2.2 - 128GB 4GB RAM MAIN CAMERA Triple 48 MP  f/1.8  (wide)  1/2.0""  0.8¬µm  PDAF 2 MP  f/2.4  (macro) 2 MP  f/2.4  (depth) Features LED flash  HDR  panorama Video 1080p@30fps SELFIE CAMERA Single 8 MP  f/2.1  (wide)  1/4.0""  1.12¬µm Features Panorama Video 1080p@30fps SOUND Loudspeaker Yes  with dual speakers 3.5mm jack Yes 24-bit/192kHz audio COMMS WLAN Wi-Fi 802.11 a/b/g/n/ac  dual-band  Wi-Fi Direct  hotspot Bluetooth 5.0  A2DP  LE GPS Yes  with A-GPS  GLONASS  BDS NFC No Infrared port Yes Radio FM radio USB USB Type-C 2.0  USB On-The-Go FEATURES Sensors Fingerprint (side-mounted)  accelerometer  proximity  compass BATTERY Type Li-Po 6000 mAh  non-removable Charging Fast charging 18W Reverse charging MISC Colors Cool Blue  Poco Yellow  Power Black Models M2010J19CG Price $‚Äâ149.00 / ‚Ç¨‚Äâ179.00 / ¬£‚Äâ178.41 TESTS Performance AnTuTu: 177904 (v8) GeekBench: 1398 (v5.1) GFXBench: 5.9fps (ES 3.1 onscreen) Display Contrast ratio: 1567:1 (nominal) Camera Photo / Video Loudspeaker -26.5 LUFS (Good) Battery life Endurance rating 154h",2.299.900,https://images.tokopedia.net/img/cache/500-square/VqbcmM/2021/1/25/15e17507-4741-4c54-a282-0511d112e02f.jpg?ect=4g
Original HDC Ultimate iPhone 11 Pro Max 3G/16GB 1 : 1 LIKE ORI - Kuning,"SPESIFIKASI PRODUK YANG TERTERA DIBAWAH INI ADALAH ASLI!! BUKAN EDITAN :D Garansi 1 Bulan HARDWARE dan SOFTWARE ==Original HDC Ultimate iPhone 11 Pro Max 3G/16GB 6.5""== Spesifikasi Real : - Layar HD Gorillaglass FULL U-SCREEN 6.5"" LIKE ORIGINAL - Fisik Tampilan 1:1 Like Original - Show Prosessor MT6595M/6592 With Real Basic MT6580 - 3G/HSDPA/H+ - RAM Real 2 GB (1GB + 1 GB Swap RAM) - ROM Real 16 GB - Nano SIM Card - Kamera Depan 5 MP  Kamera Belakang 13 MP - Tampilan Booting Logo Like Original - Tampilan Apps Store Like Original - WIRELESS CHARGING - Real 3D Touch - Support Game HD/Q-HD. Tested : Asphalt 8  GTA SA  Frontline Commando  FIFA 2015  SBK 2015 (Cek Picture) - Original Manufacture By HDC Mobile (Cek Picture By CPUZ dan CPU Identifier) Kelengkapan : Unit Handphone  Charger  Kabel Data  Headset Warna : Black/Silver/Gold/Green NB: - Untuk Pemesanan Silakan Cantumkan Warna  Tidak Dicantumkan Kami Kirim Random Sesuai Ketersediaan Warna :)",1.475.000,https://images.tokopedia.net/img/cache/500-square/product-1/2019/11/25/4387826/4387826_ff8a0516-4362-49bf-9d17-53bcdb6da88e_1280_1280?ect=4g
OPPO A16 3/32 NEW GARANSI RESMI - Perak,OPPO A16 Smartphone [32GB/ 3GB] - Garansi Resmi *BISA DIKIRIM DIHARI YANG SAMA* Fitur Produk -Display : 6.52 inch HD+ Screen  WaterDrop Display - 1600 x 720 pixel -Triple Camera 13+2+2MP -Selfie Camera 8MP -OS : Android 11   ColorOS 11.1 -Prosesor : Mediatek Helio G35 -Non-removable Li-Po 5000 mAh battery -SIM Card Triple Slot,1.825.000,https://images.tokopedia.net/img/cache/500-square/VqbcmM/2021/7/13/b4dc7c08-8294-46b9-a722-af8f8f21c5dc.jpg?ect=4g
REALME C11 (2021) RAM 2/32 GB GARANSI RESMI - GREY,REALME C11 (2021) Network Technology GSM / HSPA / LTE Launch Announced 2021  June 28 Status Available. Released 2021  June 28 Body Dimensions 165.2 x 76.4 x 8.9 mm (6.50 x 3.01 x 0.35 in) Weight 190 g (6.70 oz) Build Glass front  plastic frame  plastic back SIM Dual SIM (Nano-SIM  dual stand-by) Splash resistant design Display Type IPS LCD  400 nits (typ) Size 6.52 inches  102.6 cm2 (~81.3% screen-to-body ratio) Resolution 720 x 1600 pixels  20:9 ratio (~269 ppi density) Platform OS Android 11  Realme Go UI Chipset Unisoc SC9863A (28nm) CPU Octa-core (4x1.6 GHz Cortex-A55 & 4x1.2 GHz Cortex-A55) GPU IMG8322 Memory Card slot microSDXC (dedicated slot) Internal 32GB 2GB RAM eMMC 5.1 Main Camera Single 8 MP  f/2.0  (wide)  AF Features LED flash  HDR  panorama Video 1080p@30fps Selfie camera Single 5 MP  f/2.2  (wide) Features HDR  panorama Video 1080p@30fps Sound Loudspeaker Yes 3.5mm jack Yes Comms WLAN Wi-Fi 802.11 b/g/n  hotspot Bluetooth 4.2  A2DP GPS Yes  with A-GPS  GLONASS  GALILEO  BDS NFC No Radio Unspecified USB microUSB 2.0  USB On-The-Go Features Sensors Accelerometer  gyro  proximity  compass Battery Type Li-Po 5000 mAh  non-removable Charging Charging 10W Reverse charging,1.252.000,https://images.tokopedia.net/img/cache/500-square/VqbcmM/2021/9/7/809c914f-4958-4723-a862-a58b0f750ca8.jpg?ect=4g
samsung A22 4G & 5G garansi sein - Hitam  4G,"new product samsung A22 4G dan 5G original garansi sein segel utuh no repack TechnologyGSM / HSPA / LTE / 5G2G bandsGSM 850 / 900 / 1800 / 1900 - SIM 1 & SIM 2 (dual-SIM only)3G bandsHSDPA 850 / 900 / 1900 / 21004G bands1  2  3  5  7  8  20  28  38  40  415G bands1  3  5  7  8  20  28  38  40  41  78  79 SA/NSA/Sub6SpeedHSPA 42.2/5.76 Mbps  LTE-A  5GLAUNCHAnnounced2021  June 03StatusAvailable. Released 2021  July 24BODYDimensions167.2 x 76.4 x 9 mm (6.58 x 3.01 x 0.35 in)Weight203 g (7.16 oz)BuildGlass front  plastic frame  plastic backSIMSingle SIM (Nano-SIM) or Dual SIM (Nano-SIM  dual stand-by)DISPLAYTypeTFT  90HzSize6.6 inches  105.2 cm2 (~82.3% screen-to-body ratio)Resolution1080 x 2400 pixels  20:9 ratio (~399 ppi density)PLATFORMOSAndroid 11  One UI Core 3.1ChipsetMediaTek MT6833 Dimensity 700 5G (7 nm)CPUOcta-core (2x2.2 GHz Cortex-A76 & 6x2.0 GHz Cortex-A55)GPUMali-G57 MC2MEMORYCard slotmicroSDXC (dedicated slot)Internal64GB 4GB RAM  128GB 4GB RAM  128GB 6GB RAM  128GB 8GB RAMMAIN CAMERATriple48 MP  f/1.8  (wide)  PDAF 5 MP  f/2.2  115Àö (ultrawide)  1/5.0""  1.12¬µm 2 MP  f/2.4  (depth)FeaturesLED flash  panorama  HDRVideo1152p@30fpsSELFIE CAMERASingle8 MP  f/2.0  (wide)Video1080p@30fpsSOUNDLoudspeakerYes3.5mm jackYesCOMMSWLANWi-Fi 802.11 a/b/g/n/ac  dual-band  Wi-Fi Direct  hotspotBluetooth5.0  A2DP  LEGPSYes  with A-GPS  GLONASS  GALILEO  BDSNFCNoRadioUnspecifiedUSBUSB Type-C 2.0FEATURESSensorsFingerprint (side-mounted)  accelerometer  gyro  proximity  compassMessagingSMS(threaded view)  MMS  Email  Push Email  IMBrowserHTML5BATTERYTypeLi-Po 5000 mAh  non-removableChargingFast charging 15W",2.755.000,https://images.tokopedia.net/img/cache/500-square/VqbcmM/2021/6/30/4c9c16fd-6e17-4ec5-8311-cb88ec03c02f.jpg?ect=4g
"Advan GX 6.8"" 6GB 64GB QuadCam (Tiger T618) Android 11 Resmi Advan","IMEI terdaftar resmi OS: Android 11 CPU: Octacore (2 A75@2.0GHz + 6 A55@1.8GHz) Display: 6.82"" HD+ 720*1640 dengan 2.5D water drop screen RAM: 6 GB ROM: 64 GB SIM: Double Nano or Nano SIM + TF Hotplug Kamera depan: 25 MP FF Kamera belakang: 48 MP AF F1.8 + 8MP + 2MP + 0.3MP GSM: 850/900/1800/1900 MHz WCDMA: 900/2100 MHz FDD : B1/B3/B5/B8/B40 Wifi: 802.11 a/b/g/n/ac LTE CA7: 300 Mbps/150 Mbps Bluetooth 5.0 Face ID Fingerprint unlock A-GPS Gyroscope G-sensor  P-Sensor  L-Sensor E-Compass OTG Music: .mp3  .aac  .m4a  .amr  .wav  .opus  .mid  .flac  .ogg Movie: 4Kx2K 30fps H.264/H.265 Baterai: 5200 mAh Dimensi : 173.3*78.3*8.9mm Berat: 190 gram Kelengkapan Produk: - 1x Unit - 1x Kabel data - 1x Adapter - 1x Kartu Garansi - 1x Hard case transparan",1.839.000,https://images.tokopedia.net/img/cache/500-square/VqbcmM/2021/9/11/43c2f8bd-98b6-4e1f-bef0-c0d01c85a97d.jpg?ect=4g
OPPO RENO 6 RENO6 RAM 8/128GB | RENO6 5G RAM 8/128 GARANSI RESMI OPPO - Demo Tanpa Dus  BONUS 7 ITEM,NEW ARIVAL !! ‚óè OPPO RENO6 RAM 8/128 GB ‚óè OPPO RENO6 5G RAM 8/128 GB GARANSI RESMI OPPO INDONESIA DIJAMIN 100% ORIGINAL Dan 100% BERGARANSI RESMI OPPO INDONESIA. IMEI TERDAFTAR DI KEMENPERIN. Ready Warna : - Aurora - Stellar Black BONUS : 1. IRING 2. GURITA 3. SOFTCASE 4. ANTI GORES 5. TONGSIS 6. PERDANA SIM 7. WATERPROOF CASE 8. DAPATKAN EXCLUSIVE GITF : - OPPO BAND - Gift Box LP02 - Body Backpack HB-B1D - Reno Wireless Mini Home Theater Untuk mendapatkan EXCLUSIVE GIFT silakan pilih variant FULL BONUS   dan Klik salah satu Bonus Exclusive Gift yang Anda suka . BONUS SELALU TERSEDIA....!!!!! PENGIRIMAN CEPAT DAN DIJAMIN SAMPAI TUJUAN ANDA . PACKING LEBIH AMAN DENGAN MENGGUNAKAN BUBLE WRAP ( GRATIS ). Spesifikasi : ‚óè Body : Dimensi 156 8 x 72 1 x 7 6 mm Berat 182 gr Layar berlapis Corning Gorilla Glass 5 ‚óè Layar : 6 43 inci 1080 x 2400 pixel AMOLED Refresh rate 90Hz ‚óè Chipset & OS : MediaTek Dimensity 900 5G GPU Mali-G78 Android 11  ColorOS 11.3 ‚óè Memori : 8GB RAM + 128GB ROM ‚óè Kamera utama : Triple camera ( 64 MP ) 9 f/1.7  26mm (wide); ( 8 MP ) f/2.2  119Àö (ultrawide); ( 2 MP ) f/2.4  (macro) Perekaman video 4K@30fps ‚óè Kamera depan : Single camera ( 32 MP ) f/2.4  26mm (wide) Perekaman video 1080p@30fps ‚óè Baterai : 4.300 mAh Fast charging 65W ‚óè Fitur : Dual SIM USB Type-C ‚óè Sensor sidik jari dalam layar Tanpa audio jack,3.549.000,https://images.tokopedia.net/img/cache/500-square/VqbcmM/2021/9/1/c1b23996-a8d2-42eb-81d8-0ac840f7eaee.jpg?ect=4g
HP Vivo Y12s RAM 3/32 Garansi Resmi - Hitam,Soal desain  tidak ada peningkatan signifikan pada ponsel ini dibandingkan pendahulunya. Layar Vivo Y12s punya luas 6 51 inci dengan rasio 20:9 dan resolusi HD Plus 1.600x720 piksel. Layar tersebut punya bezel cukup tipis. Di bagian atas kamu bisa menemukan waterdrop notch yang merumahi kamera depan. Sementara di bagian bawah  masih ada dagu yang tidak terlalu menganggu  namun cukup tebal jika dibandingkan secara simetris dengan bagian atas. Beralih ke bagian belakang  kamu bisa menemukan modul kamera berbentuk persegi panjang yang disusun secara verikal merumahi dua kamera belakangnya. Tidak ada pemindai sidik jari di bagian punggung karena Vivo meletakkanya di tombol power samping  menjadikannya lebih intuitif. Vivo Y21s tersedia dalam dua varian warna yang cukup elegan  yaitu Phantom Black dan Glacier Blue. Lanjut ke spesifikasi  jeroan Vivo Y12s diotaki chipset MediaTek Helio P32. Prosesor entry level tersebut dikombinasikan dengan kapasitas penyimpanan internal 32GB dan RAM 3GB. Jika kapasitas tersebut masih kurang  kamu masih bisa memperluasnya berkat ketersediaan slot kartu microSD. Keluar dari dus  Vivo Y12s sudah dibekali OS Android 10 dengan antarmuka Funtouch OS 11. Sementara itu  untuk baterainya  kapasitas yang ditawarkan adalah 5.000 mAh. Baterai tersebut sudah mendukung teknologi fast charging 10 W  yang dijamin bakal sanggup menenagai ponsel kamu seharian nonstop. Beralih ke sektor fotografi  Vivo Y12s dibekali dua kamera belakang. Lensa utamanya punya resolusi 13MP  sedangkan lensa kedua beresolusi 2MP. Untuk berswafoto  kamu bisa mengandalkan kamera depan 8MP.,1.675.000,https://images.tokopedia.net/img/cache/500-square/VqbcmM/2020/12/31/1dc70d9e-3875-4527-a6cc-f2fa8a36199d.jpg?ect=4g
Infinix hot 10 play 4/64 Resmi - Random,Infinix hot 10 play ram 4/64 new segel  no repack garansi resmi infinix,1.525.000,https://images.tokopedia.net/img/cache/500-square/VqbcmM/2021/9/14/e8da6b52-9162-4919-94cb-3294c2b12176.jpg?ect=4g
Infinix Hot 10 Play 2/32 GB ~ Hot 10 Play 4/64 GB ~ Garansi Resmi - Ram 4/64 GB,READY LANGSUNG KIRIM !!! 100% Original 100% Baru 100% BNIB Segel Asli 100% Garansi Resmi 100% Imei Terdaftar Kemenperin Terimakasih  silahkan diorder üôè,1.544.900,https://images.tokopedia.net/img/cache/500-square/VqbcmM/2021/3/5/6c86e35d-dfc1-4bc7-8e94-33f193d15b74.jpg?ect=4g
Samsung Galaxy A22 4G 6/128 GB RAM 6 ROM 128 6GB 128GB Garansi Resmi - Black,READY STOCK ! SIAP KIRIM HARI INI JUGA.. BARANG 100% ORIGINAL ! Bergaransi Resmi Spesifikasi Samsung Galaxy A22 4G Dimensi : 159.3 x 73.6 x 8.4mm Berat : 186g Layar : Super AMOLED 6.4 inci  Infinity-U Refresh Rate 90Hz Prosesor: Mediatek Helio G80 Memori Internal: 64 GB / 128 GB RAM: 4 GB / 6 GB Kamera Belakang : Quad 48 MP + 8 MP + 2 MP + 2MP Depan : 13MP Sistem operasi: Android 11 Baterai : 5000mAh  Fast Charge 15W Fitur : Fingerprint side mounted Warna : Black  White  Green  Violet,2.850.000,https://images.tokopedia.net/img/cache/500-square/VqbcmM/2021/8/6/cdfb02b5-e6ef-47ab-ab03-41676dc10cfa.jpg?ect=4g
Xiaomi Poco M3 4/64 New Garansi resmi Xiaomi Indonesia - Power Black,Ready Xiaomi Poco M3 4/64 New Garansi Resmi Xiaomi Indonesia segel no repack resmi  terdaftar di kemeprin warna sesuai varian selamat belanja,1.870.000,https://images.tokopedia.net/img/cache/500-square/VqbcmM/2021/1/29/c514d068-7f1b-427e-b54f-d4543444c0fd.png?ect=4g
Redmi 9C Ram 3/32GB Garansi Resmi - Random,Redmi 9C Garansi resmi segel kamera 13mp  5mp dan 2mp ram 3gb internal 32gb,1.575.000,https://images.tokopedia.net/img/cache/500-square/VqbcmM/2020/10/29/7a04ac2e-d09f-4201-bffb-8ba791ac6b60.jpg?ect=4g
iphone 11 64gb second mulus ex internasional fullset - Hitam,Type Iphone 11 64GB second mulus ex international Garansi 1 bulan Garansi papan mesin 1 bulan kelengkapan fullset dus buku carger kabel data headset. Bukan rekondisi/refurbish. Casing masi original bawaan apple 100%. mulus 98-99% Belum pernah di bongkar/repair. FU 100% (Fuctory Unlock) / Bisa semua operator GSM indo Icloud aman 100%. Imei mesin dan Dus tembus Garansi Hanya Berlaku Jika Tidak Karna( Jatuh Kena Air Segel Rusak/Dirusak ) !!!,6.865.000,https://images.tokopedia.net/img/cache/500-square/VqbcmM/2021/4/28/d1f81288-a333-4f4b-ae5b-42f2586a778a.jpg?ect=4g
Advan Nasa Plus 2/16 Ram 2gb Internal 16gb Garansi Resmi - Biru,100% Garansi Resmi 1 tahun 100% Baru dan Original Silahkan Langsung diorder selama bisa diklik=ADA / Tidak bisa dikliK=HABIS Spesifikasi Advan Nasa Plus RAM 2GB ROM 16GB free softcase dalam box free anti gores sudah tempel di hp free Charge +kabel data bawaan dalam box Sistem Operasi : Android 10 dengan antarmuka IDOS 10 Chipset Spreadtrum Unisoc SC9832E dengan prosesor quad-core ARM Cortex-A53 1 4GHz Grafis Mali-T820 MP1 Kamera belakang 5 megapiksel  autofocus  sensor Gcore GC5025  aperture f/2.2  LED flash + kamera 0 3 megapiksel (depth sensor) Kamera depan 2 megapiksel  fixed focus sensor Gcore GC2355  aperture f/2.8 Layar sentuh 5 45 inci 2.5D dengan resolusi FW+ 960 x 480 piksels  kerapatan 211 ppi (pixel per inch)  16 juta warna  panel IPS LCD Memori RAM 2GB  ROM 16GB  dilengkapi slot microSD maksimal 128GB WiFi  Bluetooth  port microUSB  USB OTG  3.5mm audio jack  GPS  Face Unlock  dual SIM GSM / 3G HSPA / 4G LTE Dimensi 151 x 71 x 9.9 mm dengan berat 140 gram Baterai 3000mAh  removable Warna Blue dan Black,749.000,https://images.tokopedia.net/img/cache/500-square/VqbcmM/2021/1/14/eeb8f1f3-e64d-49a9-87ee-6cc21ee05508.png?ect=4g
oppo a54 4/64 new grs resmi oppo - Hitam,"OPPO A54 RAM 4GB INTERNAL 64GB GARANSI RESMI SPESIFIKASI Model : Oppo A54 Layar : 6.51"" inch LCD Punch-Hole+ HD Design : 7.8mm | 172g Prosesor : mediatek P35Octacore 2.3hz Kamera Depan :Front: 16M F2.0 (Punch hole) Kamera Belakang : Triple Camera 13M+2M+2M Baterai : 5000 mAh 18W Flash Charger Penyimpanan : RAM 4GB ROM 64GB (3slot) Color OS : ColorOS 7.2  based on Android 10 NFC : NO wrn m) black",2.345.000,https://images.tokopedia.net/img/cache/500-square/VqbcmM/2021/5/17/ace93bbe-8c1a-4194-a884-d1cb9c75ab20.jpg?ect=4g
Sony Xperia Xz2 4-64Gb Ws Second Orignal - 95%sdowtipis BT,SONY XPERIA XZ2 SOFTBANK AU BEKAS ORIGNAL BATANGAN. Fisik: 95-98% Warna: ROSEGOLD   SILVER   HITAM   BIRU ALL OPERATOR FULLSET OEM (Acc no garansi) WS/Shadow = White spot (lcd ada bercak) 1. Pengiriman dari JAKARTA bisa GOJEK/GRAB setiap hari Batas jam 16:40 lewat kirim besok pagi 2. Semua Orderan dikirim pada hari yang sama. 3. Minggu JNE OFF  hanya kirim JNT - resi diinput 1 x 24 Jam. 4. Toko tetap buka dari Senin sampai Minggu. 5. Personal Garansi 7 Hari Ganti UNIT BARU terhitung sejak barang diterima. 6. Ongkir Full adalah Tanggungan Pembeli Spek Singkat : - 4G Lte - 5.7 Inch - System Android 9 PIE - Ram 4 Internal 64 GB - Kamera Belakang 19 MP - Kamera depan 13 MP - SnapDragon 845 - Single SIM - NFC On - Battrey 2950 Mah - Wireless Charging:YES - Mohon cantumkan di KETERANGAN biar gak salah kirim WARNA. Garansi Seminggu Terhitung Setelah Paket di terima 1 ketentuan garansi yg tidak berlaku seperti : 2 Jatuh mengakibatkan HP Lecet / pecah 3 Terkena cairan/air 4 Segel Rusak / hilang   hangus garansi. 5 BUKAN GARANSI ANTI AIR!! 6 CONTOH CARA SETTING APN UTK 4G / LIHAT CONTOH DI GOOGLE ATAU DI VIDEO YOUTUBE 7 HAPPY SHOPING TERIMA KASIH,1.100.000,https://images.tokopedia.net/img/cache/500-square/VqbcmM/2021/7/7/5ef26f5f-edd2-4195-8134-66c9d3a0a869.jpg?ect=4g
Infinix Itel A26 2/32 GB Garansi Resmi - Ungu,"Chipset Unisoc SC9832e OS Android 10 (Go) SIM Slot Dual SIM (Nano) CPU Speed 1.4GHz Quad Core Memory 32GB ROM 2GB RAM Support micro SD upto 64GB Dimensions 148x72.3x9.9mm Display Resolution 1520x720 HD+ Display LCD type IPS Display Size 5.7"" Water drop Network GSM 900/1800 WCDMA 850/900/2100 LTE Band1/Band3/Band5/Band8/B40/B41 "" Rear Camera 5MP Dual AI Camera with flash Front Camera 2MP Camera Connectivity GPS/A-GPS  Wi-Fi  Bluetooth  Micro USB Battery 3020mAh Li-ion Removable Battery Sensor 3-Axis accelerometer  Proximity Features Face Unlock  Built-in + Online Themes And Games  Torch  3.5mm audio Jack  online update",873.000,https://images.tokopedia.net/img/cache/500-square/VqbcmM/2021/6/21/a0e68ac4-f533-401c-943a-d12177b90297.jpg?ect=4g
OPPO RENO 4F 8/128GB GARANSI RESMI OPPO INDONESIA - Putih,"OPPO RENO 4F RAM 8/128 GARANSI RESMI OPPO INDONESIA FREE GIFT : + Antigores + Softcase + Ring Hp + Gurita + Usb Led Technology GSM / HSPA / LTE LAUNCH Announced 2020  October 10 Status Available. Released 2020  October 16 BODY Dimensions 160.1 x 73.8 x 7.5 mm (6.30 x 2.91 x 0.30 in) Weight 164 g (5.78 oz) Build Glass front  plastic back SIM Dual SIM (Nano-SIM  dual stand-by) DISPLAY Type Super AMOLED  430 nits (typ)  800 nits (peak) Size 6.43 inches  99.8 cm2 (~84.5% screen-to-body ratio) Resolution 1080 x 2400 pixels  20:9 ratio (~409 ppi density) PLATFORM OS Android 10  ColorOS 7.2 Chipset Mediatek MT6779V Helio P95 (12 nm) CPU Octa-core (2x2.2 GHz Cortex-A75 & 6x2.0 GHz Cortex-A55) GPU PowerVR GM9446 MEMORY Card slot microSDXC (dedicated slot) Internal 128GB 8GB RAM UFS 2.1 MAIN CAMERA Quad 48 MP  f/1.7  26mm (wide)  1/2.0""  0.8¬µm  PDAF 8 MP  f/2.2  119Àö  16mm (ultrawide)  1/4.0""  1.12¬µm 2 MP  f/2.4  (depth) 2 MP  f/2.4  (depth) Features LED flash  HDR  panorama Video 4K@30fps  1080p@30/120fps  gyro-EIS SELFIE CAMERA Dual 16 MP  f/2.4  (wide)  1/3.09""  1.0¬µm 2 MP  f/2.4  (depth) Features HDR Video 1080p@30fps SOUND Loudspeaker Yes 3.5mm jack Yes COMMS WLAN Wi-Fi 802.11 a/b/g/n/ac  dual-band  Wi-Fi Direct  hotspot Bluetooth 5.1  A2DP  LE  aptX HD GPS Yes  with A-GPS  GLONASS  GALILEO  BDS  QZSS NFC No Radio FM radio USB USB Type-C 2.0  USB On-The-Go FEATURES Sensors Fingerprint (under display  optical)  accelerometer  gyro  proximity  compass BATTERY Type Li-Po 4000 mAh  non-removable Charging Fast charging 18W MISC Colors Matte Black  Metallic White",3.299.000,https://images.tokopedia.net/img/cache/500-square/VqbcmM/2020/10/18/45cf93ee-dac1-449f-be30-18abeaab9774.jpg?ect=4g
Samsung Galaxy A22 5G 6GB/128GB A 22 LTE 6/128 GB Garansi Resmi - Black  A22 LTE,Cicilan Mudah dengan atau Tanpa Kartu kredit  Proses mudah hanya 3 Menit Penting.!! *Barang Dijamin 100% Brand New In Box + Segel Unit dan Aksesoris *Barang 100% ORIGINAL Garansi UANG KEMBALI *Garansi Resmi Samsung Indonesia *Jaminan IMEI Terdaftar di Indonesia,2.849.900,https://images.tokopedia.net/img/cache/500-square/VqbcmM/2021/11/5/ada6de9f-cfaa-46e3-b077-6e09df366b2c.jpg?ect=4g
Xiaomi Poco M3 PRO 5G 6/128 RAM 6GB ROM 128GB GARANSI RESMI - Random,No Repack Beli extra bubble wrap untuk barang yang anda order agar terlindungi dari benturan keras saat proses pengiriman. https://tokopedia.link/U4y7jl0MIeb Spesifikasi POCO M3 Pro 5G Rilis: Juni 2021 Chipset: MediaTek Dimensity 700 MT6833 5G (7 nm)  MIUI 12 RAM: RAM 6GB CPU: Octa-core (2x2.2 GHz Cortex-A76 & 6x2.0 GHz Cortex-A55) GPU: Mali-G57 MC2 Memori internal: 128GB Ukuran HP: 161.8 x 75.3 x 8.9 mm Berat HP: 190 gram Ukuran layar: IPS LCD 6 5 inci  1080 x 2400 piksel (Dilindungi Corning Gorilla Glass 3) Kamera depan: 8 MP Kamera utama: Triple camera  48MP+2MP (macro) +2MP (depth sensor) Kapasitas Baterai: Li-Po 5000 mAh  fast charging 18Watt Type-C Pilihan warna: Poco Yellow  Power Black  Cool Blue Fitur: Hybrid Dual SIM  Refresh Rate 90Hz,2.903.000,https://images.tokopedia.net/img/cache/500-square/VqbcmM/2021/7/2/af441ce8-0c89-492a-9a96-fea9a8ba0fbf.jpg?ect=4g
Samsung Galaxy Tab S6 Lite Ram 4/128GB Garansi Resmi - GRAY 4/128GB,"Spesifikasi Fisik Dimension 244.5 x 154.3 x 7.0 mm Weight (g) 467 Prosesor Exynos 9611 (10 nm) CPU Type Octa - Core Display Ukuran : 10.4"" Resolusi : 2000 x 1200 (WUXGA+) Teknologi : TFT Dukungan S Pen Yes Kamera Main Camera : 8.0 MP Front Camera : 5.0 MP Main Camera - Flash : No Memori RAM : 4GB ROM : 128GB Konektivitas Versi USB : USB 2.0 USB 2.0 NFC : No Sistem Operasi Android 10 Sensors Accelerometer  Gyro Sensor  Hall Sensor  RGB Light Sensor Baterai 7040 mAh",6.199.000,https://images.tokopedia.net/img/cache/500-square/product-1/2020/5/19/1375058/1375058_664ca97b-9d89-45c8-95ee-0d0c94053172_1280_1280.jpg?ect=4g
Oppo A54 6/128 RAM 6GB Internal 128GB Garansi Resmi Oppo Indonesia - Blue,Garansi Resmi Oppo Indonesia Resmi IMEI sudah terdaftar Check imei : https://www.kemenperin.go.id/imei/ Jadi saat hp diaktifkan / dipakai otomatis GARANSI Berlaku Agar mengurangi Resiko Kerusakan saat pengiriman Paket  disarankan untuk order ini juga ya gan - Extra Bubble wrap https://www.tokopedia.com/votevip/tambahan-bubble-wrap-untuk-packing-agar-lebih-aman - Extra Box https://www.tokopedia.com/votevip/tambahan-box-untuk-packing-agar-lebih-aman Spesifikasi: Dimensions/Weight Height : 16.39cm / 163.9mm Width : 7.51cm / 75.1mm Thickness : 0.84cm / 8.4mm Weight : About 186g Basic Parameters Operating System : ColorOS 7.2  based on Android 10 Processor : Mediatek Helio P35 CPU frequency : 1.8GHz*4+1.6GHz*4 GPU Model: Adreno 610 @ 600MHz 16fps Battery : 5000 mAh Charge Speed: 9V 2AÔºå18W Fast Charge RAM : 6GB Storage : 128GB External Memory: Expandable up to 128GB Screen Size : 6.51'' + Smart Screen Touchscreen : Multi-touch  Capacitive Screen Display Refresh Rate: 90Hz Resolution : 1600 x 7200 (20:9) Screen PPI : 269PPI SIM Card: Nano-SIM card / Nano-USIM card USB Jack: TYPE-C USB 2.0 Headset Jack: 3.5mm Camera Front: 16M F2.0 (Punch hole) Main Camera : Triple Camera 13M+2M+2M Zoom Mode (Rear): 6x Image Size: back 4624x2080 Full Video 1080P/720P@30fpsÔºõdefault 1080P@30fps EIS Supported 5G Network: Not Supported OTG : Supported NFC : Not Supported,2.901.000,https://images.tokopedia.net/img/cache/500-square/VqbcmM/2021/10/20/240bd1eb-a27c-4a63-9673-b8294ff97f34.jpg?ect=4g
ITEL VISION 1 PRO RAM 3/32 GB GARANSI RESMI - Cosmic shine,Spesifikasi : Battery Non-removable Li-Po 4000 mAh battery OS Android 10 (Go edition) Memory 32GB built-in  3GB Ram MicroSD Card (support up to 128) Processor 1.4GHz Quad-core Connectivity Bluetooth 4.2  A2DP  LE    USB microUSB 2.0  (Wi-Fi 802.11 b/g  Wi-Fi hotspot)  GPRS  EDGE  3G HSPA  4G LTE  Display Size 6.5 inches  Sensors Fingerprint (rear-mounted) Face Unlock accelerometer  proximity  compass Display Colours IPS HD+ Waterdrop LCD capacitive touchscreen  16M colors  Multitouch Operating Frequency SIM1: GSM 850 / 900 / 1800 / 1900 SIM2: GSM 850 / 900 / 1800 / 1900 Browser HTML5 Body Colours Ice Crystal Blue   Cosmic Shine Entertainment FM Radio  3.5mm audio jack  MP4/WMV/H.264/H.263 player  MP3/AAC/WMA/WAV player  Google Talk  Games (built-in + downloadable) Camera Triple : 8MP  f/2.2  (wide)  PDAF 2 MP  f/2.4  (macro) 2 MP  f/2.4  (depth) LED flash  HDR  panorama Video 1080p@30fps  gyro-EIS Selfie camera Single 5MP  f/2.0 HDR Video 1080p@30fps Ring Tones MP3  WAV ringtones Messaging SMS(threaded view)  MMS  Email  Push Mail  IM Other Features GPS Yes  with A-GPS  GLONASS  GALILEO  BDS Dual SIM + Micro Sim  dual stand-by)  Photo/video editor  Document viewer  Google Search  Maps  Gmail  Document viewer  Speakerphone,1.175.000,https://images.tokopedia.net/img/cache/500-square/VqbcmM/2021/5/23/93b56f2e-863c-413e-830b-35c5e37088ab.jpg?ect=4g
redmi 9t 4/64 resmi - BEKAS,"NETWORK Technology GSM / HSPA / LTE BODY Dimensions 162.3 x 77.3 x 9.6 mm (6.39 x 3.04 x 0.38 in) Weight 198 g (6.98 oz) Build Glass front (Gorilla Glass 3)  plastic frame  plastic back SIM Dual SIM (Nano-SIM  dual stand-by) Water-repellent coating DISPLAY Type IPS LCD  400 nits (typ) Size 6.53 inches  104.7 cm2 (~83.4% screen-to-body ratio) Resolution 1080 x 2340 pixels  19.5:9 ratio (~395 ppi density) Protection Corning Gorilla Glass 3 PLATFORM OS Android 10  MIUI 12 Chipset Qualcomm SM6115 Snapdragon 662 (11 nm) CPU Octa-core (4x2.0 GHz Kryo 260 Gold & 4x1.8 GHz Kryo 260 Silver) GPU Adreno 610 MEMORY Card slot microSDXC (dedicated slot) Internal 64GB 4GB RAM  128GB 4GB RAM  128GB 6GB RAM UFS 2.1 - 64GB UFS 2.2 - 128GB MAIN CAMERA Quad 48 MP  f/1.8  26mm (wide)  1/2.0""  0.8¬µm  PDAF 8 MP  f/2.2  120Àö (ultrawide)  1/4.0""  1.12¬µm 2 MP  f/2.4  (macro) 2 MP  f/2.4  (depth) Features LED flash  HDR  panorama Video 1080p@30fps SELFIE CAMERA Single 8 MP  f/2.1  27mm (wide)  1/4.0""  1.12¬µm Video 1080p@30fps SOUND Loudspeaker Yes  with stereo speakers 3.5mm jack Yes 24-bit/192kHz audio COMMS WLAN Wi-Fi 802.11 a/b/g/n/ac  dual-band  Wi-Fi Direct  hotspot Bluetooth 5.0  A2DP  LE GPS Yes  with A-GPS  GLONASS  GALILEO  BDS NFC Yes (market/region dependent) Infrared port Yes Radio FM radio USB USB Type-C 2.0  USB On-The-Go FEATURES Sensors Fingerprint (side-mounted)  accelerometer  proximity  compass BATTERY Type Li-Po 6000 mAh  non-removable Charging Fast charging 18W Reverse charging 2.5W",1.999.000,https://images.tokopedia.net/img/cache/500-square/VqbcmM/2021/10/25/8fd8ae0b-c647-4c04-8da9-afb35aa140d1.jpg?ect=4g
APPLE IPHONE XS MAX 256GB BARU NEW LTE GSM FU ORIGINAL GARANSI 1 TAHUN - GOLD  256 gb,Iphone XS MAX 256GB Garansi 1 Tahun BISA SEMUA KARTU ALL OPERATOR ( FREE TEMPERED GLASS + SOFTCASE TRANSPARAN + STICKER APPLE ) SEBELUM ORDER WAJIB DIBACA : 1. New Original 100% ( Jika tidak terbukti original  uang kembali 2x lipat ) 2. Produk 100% Original BUKAN SUPERCOPY / REPLIKA 3. Fisik mulus 100% ( BUKAN SECOND ) 4. Mesin Normal 100% 5. IMEI dan ICLOUD dijamin AMAN 6. Garansi 1 Tahun 7. Kelengkapan FULLSET 8. SILENT CAM 9. BATTERE HEALTH 100% KETENTUAN GARANSI : 1. Segel harus dalam kondisi utuh  tidak boleh rusak atau terindikasi pernah dibongkar. 2. Aksesoris [charger  headset  kabel data] harus dalam keadaan baik. 3. Harap menjaga kondisi handphone dalam kondisi mulus tidak lecet / cacat fisik  lengkap dan segel utuh selama masa garansi. GARANSI HANGUS APABILA 1. Segel bolong/lepas/sobek yang terindikasi pernah dibongkar. 2. Body lecet / gompal bekas jatuh. 3. LCD pecah / rusak karena kesalahan pemakaian. 4. Handphone terkena cairan ataupun terbakar. * Dengan membeli maka kami anggap anda telah membaca dan menyetujui ketentuan kami,7.899.000,https://images.tokopedia.net/img/cache/500-square/VqbcmM/2021/3/16/a1978065-d5f6-4eec-a73e-6ca4403126cc.jpg?ect=4g
iPhone XR 64gb 128gb second fullset ex inter - 64 gb  red,Mengapa harus belanja di Appleshop : 1. Hari Minggu dan tanggal merah lainnya PENGIRIMAN tetap ON 2. Pengiriman menggunakan ekspedisi yang tersedia  penginputan resi dihari berikutnya 3. Bukan cuma seller musiman yang menghilang entah kemana setelah barang jualannya udah laku. Wajib baca sebelum membeli produk di lapak kami: - all operator indo bisa (FU) - Kondisi mulus 98-99% - Original Apple 100%   LCD Original - No Recond No refurb - Barang yang kami kirim   sebelumnya sudah di quality control untuk semua fungsi hp - Semua unit fullset oem  untuk acc tidak ada garansi. Dan warna dus diusahakan dikirim sesuai dengan warna hp  mohon dimaklumi apabila warna dus habis maka akan kami kirim random yang terpnting fungsi hp ok. - Semua unit icloud aman (udah kosong) - Semua unit bisa semua operator indo (FU) - Tidak bisa request battery health  dipastikan unit yang dikirim yang terbaik dan tidak service (BH 80++) Garansi kami hangus/void jika human error (kesalahan dari penguna sendiri ) seperti : Terjatuh Terbakar Terkena cairan Segel rusak / hilang / koyak Syarat dan ketentuan retur : # Jika Kerusakan Bukan Ulah Pengguna/ Rusak Mendadak ! Bukan Human Error / Masuk Air / Sebab Lain Yg Mengakibatkan Rusak Produk Tsb # Jika Unit Masih Dalam Kondisi Awalnya/NoLecet dan SEGEL Saya Di HP Masih UTUH harap menjadi perhatian # Jika Unit Pemakaian Sudah Lecet Garansi HANGUS. # Ongkir Retur sepenuhnya ditanggung oleh pembeli #Kami tidak akan memproses retur jika ada icloud di hp tersebut - MOHON DIBACA TERLEBIH DAHULU SEBELUM MELAKUKAN TRANSAKSI - REVIEW / COMMENT NEGATIF PADA LAPAK GARANSI VOID / HANGUS!!!,5.046.000,https://images.tokopedia.net/img/cache/500-square/VqbcmM/2020/12/16/635b8f15-25a4-471e-bed6-cd4ece748a2f.jpg?ect=4g
Xiaomi Mi 11 Lite 8/128 Garansi Resmi - Boba Black,"Garansi Resmi Xiaomi Indonesia  IMEI Resmi Terdaftar di website IMEI KEMENPERIN Spesifikasi RAM & Penyimpanan 8GB + 128GB Penyimpanan LPDDR4X RAM + UFS 2.2 dengan Host Performance Booster Dimensi Tinggi: 160 53mm Lebar: 75 73mm Ketebalan: 6 81mm Berat: 157g Layar DotDisplay AMOLED FHD+ 6 55‚Äù kedalaman warna 10-bit 2400x1080  402ppi Rasio aspek: 20:9 Rasio kontras: 5000000:1 (umum) Gamut warna: Mendukung gamut warna lebar DCI-P3 Kecerahan: Normal 500nit ÔºàUmumÔºâ /hingga 800nit ÔºàMode Kecerahan TinggiÔºâ HDR10 Rasio refresh: 60/90Hz Rasio touch sampling: 240Hz Tampilan TrueColor: JNCD‚âà0 55  Delta E‚âà0 55  Mendukung mode Sunlight 2.0 Mendukung mode Baca 3.0 Sensor cahaya ambien 360 derajat Corning¬Æ Gorilla¬Æ Glass 5 Prosesor Qualcomm¬Æ Snapdragon‚Ñ¢ 732G CPU:Qualcomm¬Æ Kryo‚Ñ¢ 470  octa-core CPU  hingga 2 3GHz GPU: GPU Qualcomm¬Æ Adreno‚Ñ¢ 618 Baterai & Pengisian Daya Baterai 4250mAh (umum) USB-C Mendukung pengisian daya cepat 33W Pengisi daya cepat 33W disertakan dalam kemasan Kamera Kamera utama 64MP f /1 79 Kamera ultra-wide angle 8MP 119¬∞ FOV   f/2.2 Kamera telemakro 5MP f/2.4  AF Kontras (3cm - 7cm) Fitur fotografi kamera belakang Mode beruntun berpengaturan waktu  AI SkyScaping Fitur video kamera belakang One-click AI cinema  Video time-lapse Perekaman Video belakang 4K | 3840√ó2160 | pada kecepatan 30fps """"1080p | 1920√ó1080 | pada kecepatan 60fps 1080p | 1920√ó1080 | pada kecepatan 30fps"""" 720p | 1280√ó720 | pada kecepatan 30fps Video gerak lambat: 120fps  1080p/720p Kamera depan 16MP f/2 45 Fitur fotografi kamera depan Mode malam Mode beruntun berpengaturan waktu AI Beautify Fitur video kamera depan Mode Selfie Night Keamanan Sensor sidik jari samping berlengkung Buka Kunci AI dengan Pengenalan Wajah NFC Mendukung NFC* Multifungsi Mendukung Google Pay Audio Speaker ganda Pemutaran audio Mendukung format audio seperti MP3 | FLAC | APE | AAC | WMA | AMR Pemutaran video Sistem Operasi MIUI 12  Android 11",3.979.000,https://images.tokopedia.net/img/cache/500-square/VqbcmM/2021/9/4/bad53c4f-b709-4328-87f3-c7f10d869dd5.jpg?ect=4g
iPhone 12 256GB 128GB 64GB Purple White Black Blue Resmi iBox Not mini - 64GB INTER  Red,"READY STOCK IPHONE 13 - IPHONE 13 https://www.tokopedia.com/studioponsel/ibox-iphone-13-512gb-dual-256gb-128gb-white-black-blue-not-mini-12-128gb-inter-blue - 13 MINI https://www.tokopedia.com/studioponsel/ibox-iphone-13-mini-512gb-dual-256gb-128gb-purple-white-black-blue-12-128gb-inter-pink - I3 PRO / MAX https://www.tokopedia.com/studioponsel/ibox-iphone-13-pro-promax-max-1tb-blue-512gb-256gb-128gb-not-12-mini-13-pro-128gb-gold Aksesoris Pendukung : - Hydrogell : https://www.tokopedia.com/studioponsel/hydrogel-screen-protector-iphone-12-11-xs-x-13-pro-max-mini-anti-gores-iphone-x - Kepala Charger Ori : https://www.tokopedia.com/studioponsel/apple-20w-usb-c-power-adaptor-mhjf3-original-charger-iphone-12-11-kaki-tiga-non-bundlnig Setiap pembelian unit di ""STUDIO PONSEL"" Official Store CASHBACK HINGGA 300RB GRATIS ONGKIR DAN ASURANSI PENGIRIMAN PENGIRIMAN FREE TEMPERED GLASS ( Selama persedian masih ada ) FREE SILICONE CASE ( Selama persedian masih ada ) Packing BUBBLE EXTRA - https://www.tokopedia.com/studioponsel/bubble-wrap-tambahan-untuk-packing-barang-anda-lebih-aman 100% Original Apple BUKAN Refurbished BNIB (Brand New In Box) Segel Greenpeel Garansi belum aktif Whats in the Box : - iPhone - USB-C to Lightning Cable - Dokumern VARIAN : Resmi INTER : Garansi apple internasional 1 tahun   imei aman  bisa semua sim indo Resmi IBOX : Garansi apple indonesia 1 tahun   imei terdaftar DUAL NANO : Garansi inter 1 tahun   dual sim nano   imei aman Kapasitas 256GB 128GB 64GB WARNA Purple Black White Red Blue Mint Green #PRODUK# * Barang BNIB ( Brand New In Box ) NEW ORIGINAL DAN SEGEL * Garansi 1 Tahun All Product [ Garansi kita bantu claim ] * Garansi Personal 7x24 Jam [*WAJIB ADA VIDEO UNBOXING* ] * Untuk iPhone garansi resmi indo akan di aktifkan dahulu sebelum dikirim   untuk keperluan garansi",11.175.000,https://images.tokopedia.net/img/cache/500-square/VqbcmM/2021/4/22/ad70ff76-8f8f-486a-8859-18a447b97dad.jpg?ect=4g
APPLE IPHONE X 256GB GARANSI DISTRIBUTOR 1 TAHUN - Grey,Selamat datang di CocoStore Kondisi : - Sinyal Bisa All Oprator 4G LTE Garansi Sinyal Selamanya - mulus 100% - Kualitas Jamin 100% ORIGINAL bukan replika! -Mesin 100% prima/bagus dan awet -Packing Buble wrap Tebal sangat aman ! Garansi tidak berlaku (void) jika ditemukan HUMAN ERROR  seperti: 1. Terkena cairan 2. Segel Rusak/Hilang 3. Unit lecet/bekas jatuh 4. Dll human error 5. Icould masih terkunci 6. unit sudah di bongkar 7. mesin hangus KETERANGAN 1  Kelengkapan: Komplit Original 2  Garansi Handphone adalah 1 TAHUN  dimulai dari tanggal pengiriman barang. 3  Garansi tidak berlaku bagi kerusakan yang disebabkan oleh kesalahan sendiri seperti kendala masuk air  jatuh  LCD retak  pemakaian kasar atau kerusakan lain 4  Garansi tidak berlaku bagi handphone yang sudah pernah diperbaiki sendiri atau sampai merusak keadaan handphone 5  Original aksesoris seperti kotak  kabel USB  batok charger  H/F tidak termasuk dalam garansi 6  Ongkos setiap pengiriman barang ditanggung oleh Pembeli,5.418.000,https://images.tokopedia.net/img/cache/500-square/VqbcmM/2021/2/22/458dd1e6-dda2-4bf3-be17-6fbd2101f1f7.jpg?ect=4g
Xiaomi Poco X3 Pro 6/128 Garansi Resmi - Metal Bronze,Produk Tampil = Ready (Pasti Dikirim) Bisa Langsung Diorder :-) Selamat Datang & Selamat Berbelanja di SG Authorized Store :-) * Pengiriman Senin - Sabtu * Order Masuk Sebelum Pukul 11:00 Akan Direquest Pickup Pukul 12:00 * Order Masuk Pukul 11:00 - 15:00 Akan Direquest Pickup Pukul 16:00 *Order Diatas Pukul 15:00 Berpotensi Dikirim Dihari Kerja Berikutnya *Spesifikasi Produk* Brand : Xiaomi | POCO Garansi : Resmi Xiaomi Indonesia (No Repack) Jaringan : GSM / HSPA / LTE Sistem Operasi : Android 11 MIUI 12 for POCO Prosesor : Qualcomm¬Æ Snapdragon‚Ñ¢ 860 GPU : Adreno‚Ñ¢ 640 RAM : 6 GB ROM : 128 GB Ukuran Layar : 6.67 inch Tipe Layar : IPS LCD  120Hz  HDR10  450 nits Resolusi Layar : 2400x1080  395ppi Kamera Belakang : Quad Kamera - 48MP+8MP+2MP+2MP Kamera Depan : 20 MP Audio : stereo speakers  3.5mm jack WLAN : Wi-Fi 802.11 a/b/g/n/ac  dual-band  Wi-Fi Direct  hotspot Bluetooth : 5.0  A2DP  LE GPS : Yes  with A-GPS  GLONASS  GALILEO  BDS Sensor : Fingerprint (side-mounted)  accelerometer  gyro  proximity  compass Baterai : 5160 mAh Pengisian Daya : Fast charging 33W USB-C Slot Memori Eksternal : MicroSD Slot SIM : Hybrid Dual Nano SIM Lain-Lain : NFC Corning¬Æ Gorilla¬Æ Glass 6 IP53 IR Blaster Berat : 215 g Dimensi : 165.3 x 76.8 x 9.4 mm,3.349.000,https://images.tokopedia.net/img/cache/500-square/VqbcmM/2021/6/20/c1400811-1a15-40ae-9e89-753528648d5a.jpg?ect=4g
Apple iPhone 7 32gb Second mulus ex internasional fullset,DIBACA DAHULU YA GAN SEBELUM MEMBELI ^_^ stok warna silahkan chat Type Iphone 7 32gb Second Mulus Ex internasional USA Garansi Mesin 1 bulan. No Rekondisi/refurbish. Semua cashing original 100% apple Belum pernah bongkar/repair FU 100% (FACTORY UNLOCK) / BISA Semua Operator INDO Icloud aman 100% Imei dus dan mesin sama. Bebas Reset / Upgrade Lcd Bawaan Kelengkapan fullset dus buku kabel data headset charger (OEM). Garansi hanya berlaku jika tidak karna HUMAN ERROR (kena air jatuh segel dirusak),2.025.000,https://images.tokopedia.net/img/cache/500-square/VqbcmM/2021/10/29/c4185fe5-8044-42ba-878d-00f011dc6bec.jpg?ect=4g
SAMSUNG GALAXY A02 [32GB/3GB] - GARANSI RESMI SEIN 1 TAHUN - - RANDOM,SILAHKAN LANGSUNG ORDER STOCK SESUAI IKLAN Note : pengiriman tanpa asuransi bukan tanggung jawab seller Jika terjadi kerusakan / kehilangan saat pengiriman (DISARANKAN ASURANSI) -Request warna silahkan tulis di catatan waktu checkout akan kami kirim sesuai stock yang READY -Produk / Unit Semua kami bergaransi RESMI dan tidak menjual garansi TOKO -Unit Segel & Bergaransi ***PERHATIAN*** SEGALA BENTUK CLAIM RETUR MOHON DISERTAKAN VIDIO UNBOXING DAN BUKTI YANG KUAT +PACKING AWAL(PERLIHATKAN SEMUA PACKINGAN ) +RESI/LEBEL DARI KAMI DILUAR ITU KAMI TIDAK MENERIMA KOMPLEN SEBELUM BARANG ANDA KAMI KIRIM SUDAH KAMI CEK DENGAN DETAIL KARENA KAMU TAHU SENDIRI RIBETNYA PROSES RETUR DAN KAMI SUDAH CEK SEMUA KELAYAKAN BARANG KAMI SEBELUM KAMI JUAL DI PROSES RESTOCK MOHON MAAF KAMI TIDAK MENERIMA KOMPLEN DARI ORANG TIDAK BERTANGGUNG JAWAB TERIMA KASIH,1.443.900,https://images.tokopedia.net/img/cache/500-square/VqbcmM/2021/8/5/e8b71e08-d1a4-450c-a3a1-8ebf47efa790.jpg?ect=4g
XIAOMI POCO X3 PRO 6/128GB GARANSI RESMI - Hitam,"Network Technology GSM / HSPA / LTE Body Dimensions 165.3 x 76.8 x 9.4 mm (6.51 x 3.02 x 0.37 in) Weight 215 g (7.58 oz) Build Glass front (Gorilla Glass 6)  plastic back SIM Hybrid Dual SIM (Nano-SIM  dual stand-by) IP53  dust and splash protection Display Type IPS LCD  120Hz  HDR10  450 nits (typ) Size 6.67 inches  107.4 cm2 (~84.6% screen-to-body ratio) Resolution 1080 x 2400 pixels  20:9 ratio (~395 ppi density) Protection Corning Gorilla Glass 6 Platform OS Android 11  MIUI 12 for POCO Chipset Qualcomm Snapdragon 860 (7 nm) CPU Octa-core (1x2.96 GHz Kryo 485 Gold & 3x2.42 GHz Kryo 485 Gold & 4x1.78 GHz Kryo 485 Silver) GPU Adreno 640 Memory Card slot microSDXC (uses shared SIM slot) Internal 128GB 6GB RAM  128GB 8GB RAM  256GB 8GB RAM UFS 3.1 Main Camera Quad 48 MP  f/1.8  (wide)  1/2.0""  0.8¬µm  PDAF 8 MP  f/2.2  119Àö (ultrawide) 2 MP  f/2.4  (macro) 2 MP  f/2.4  (depth) Features Dual-LED flash  HDR  panorama Video 4K@30fps  1080p@30/60/120fps  720p@960fps  gyro-EIS Selfie camera Single 20 MP  f/2.2  (wide)  1/3.4""  0.8¬µm Features HDR  panorama Video 1080p@30fps Sound Loudspeaker Yes  with stereo speakers 3.5mm jack Yes 24-bit/192kHz audio Comms WLAN Wi-Fi 802.11 a/b/g/n/ac  dual-band  Wi-Fi Direct  hotspot Bluetooth 5.0  A2DP  LE GPS Yes  with A-GPS  GLONASS  GALILEO  BDS NFC Yes (market/region dependent) Infrared port Yes Radio FM radio  recording USB USB Type-C 2.0  USB On-The-Go Features Sensors Fingerprint (side-mounted)  accelerometer  gyro  proximity  compass Battery Type Li-Po 5160 mAh  non-removable Charging Fast charging 33W  59% in 30 min  100% in 59 min (advertised) Misc Colors Phantom Black  Frost Blue  Metal Bronze Models M2102J20SG SAR 0.99 W/kg (head) 0.67 W/kg (body) SAR EU 0.57 W/kg (head) 0.90 W/kg (body) Tests Performance AnTuTu: 453223 (v8) GeekBench: 2574 (v5.1) GFXBench: 38fps (ES 3.1 onscreen) Display Contrast ratio: 1401:1 (nominal) Camera Photo / Video",3.430.000,https://images.tokopedia.net/img/cache/500-square/VqbcmM/2021/5/2/d9541a94-eb35-4343-a185-0b53bf5961b2.jpg?ect=4g
XIAOMI REDMI 9A RAM 3 32 GARANSI RESMI,GARANSI RESMI XIAOMI INDONESIA IMEI TERDAFTAR MOHON CHAT DULU SEBELUM PEMBAYARAN UNTUK BONUS ACCESORIES BISA PILIH DI VARIAN GIFT(UTK NON GIFT=TANPA BONUS ACCESORIES/STANDARD DLM BOXNYA) PERMINTAAN WARNA DAN VARIAN GIFT HARAP DITULIS DI CATATAN KIRIM SETIAP HARI ( SENIN - MINGGU )LANGSUNG PROSES!!! READY GOJEK/GRAB!!! SAMEDAY sebelum - jam 3 SORE (Gosend) jam 4 SORE (Grab) mohon jangan mepet2üòä INSTAN sebelum - jam 5 SORE (Gosend) Jam 6 SORE (Grab) mohon jangan mepet2üòä READY ANTER AJA SAMEDAY-sebelum jam 3 SORE!! NOTE:PENTING!!! ORDER MAKSIMAL 1JAM SBLMNYA!!! JNE/J&T DIKIRIM HARI YANG SAMA UNTUK PESANAN SEBELUM JAM 5 SORE(SENIN-MINGGU),1.499.000,https://images.tokopedia.net/img/cache/500-square/VqbcmM/2021/6/1/e3dd50c6-98b7-47d9-bd57-cb78f8a93446.jpg?ect=4g
IPHONE XS 64GB 256GB SECOND LIKE NEW MULUS 99% GARANSI TOKO 7HARI - 64 gb  BLACK,**BACA DESKRIPSI DENGAN TELITI SEBELUM MEMBELI** -Produk ready stock -hanya menerima komplen yang disertai video bukti pembukaan paket -untuk pertanyaan lebih lanjut silahkan hubungi penjual **SELAMAT BERBELANJA** **Spesifikasi iPhone XS Rilis: September  2018 Chipset: Apple A12 Bionic RAM: 4GB Memori internal: 64GB  256G  512GB Ukuran HP: 143.6 x 70.9 x 7.7 mm Berat HP: 177 gram Waterproof: IP68 dust/water resistant (up to 2m for 30 mins) Ukuran layar: 5.8 inci  1125x2436 pixels Kamera depan: Dual camera  7MP dan Sl 3D Kamera belakang: 12MP+12MP Baterai: Non-removable Li-Ion 2658mAh,5.205.000,https://images.tokopedia.net/img/cache/500-square/VqbcmM/2021/6/21/c86331c8-f864-4bbf-9f76-814b9cfd59b4.jpg?ect=4g
Infinix Hot 10s Ram 6/128 Garansi Resmi - Morandi Green,Infinix Hot 10s Ram 6/128Gb Kondisi Baru Segel,1.965.000,https://images.tokopedia.net/img/cache/500-square/VqbcmM/2021/5/23/4da4b7a8-e35d-4e28-b31e-b6c2763672ca.jpg?ect=4g
XIaomi Poco X3 NFC Ram 8 Rom 128 GB Garansi Resmi - Abu-abu,SIM Hybrid Dual SIM (Nano-SIM  dual stand-by) Size 6.67 inches PLATFORM OS Android 10  MIUI 12 Chipset Qualcomm SM7150-AC Snapdragon 732G (8 nm) CPU Octa-core (2x2.3 GHz Kryo 470 Gold & 6x1.8 GHz Kryo 470 Silver) GPU Adreno 618 MEMORY Card slot microSDXC (uses shared SIM slot) Internal 12GB 8GB RAM MAIN CAMERA Quad 64 MP  13 MP  2 MP  2 MP  SELFIE CAMERA Single 20 MP BATTERY Type Li-Po 5160 mAh  non-removable,3.239.000,https://images.tokopedia.net/img/cache/500-square/VqbcmM/2021/8/26/527065c7-3c05-4c74-9f25-24fed0ab2faf.jpg?ect=4g
HP Xiaomi POCO F3 6/128GB NFC Garansi TAM ( NO REPACK ) - Biru,SEMUA XIAOMI PRISMA ROXY = NO REPACK  ORIGINAL FRESH BNIB !!! Spesifikasi: Network :GSM / HSPA / LTE/ 5G Dimensions :163.7 x 76.4 x 7.8 mm (6.44 x 3.01 x 0.31 in) Weight :196 g (6.91 oz) Build :Glass front (Gorilla Glass 5)  glass back (Gorilla Glass 5)  plastic frame SIM :Dual SIM (Nano-SIM  dual stand-by) Display :AMOLED  120Hz  HDR10+  1300 nits (peak) Size :6.67 inches  107.4 cm2 (~85.9% screen-to-body ratio) Resolution :1080 x 2400 pixels  20:9 ratio (~395 ppi density) Protection :Corning Gorilla Glass 5 OS :Android 11  MIUI 12 for POCO Chipset :Qualcomm SM8250-AC Snapdragon 870 5G (7 nm) CPU :Octa-core (1x3.2 GHz Kryo 585 & 3x2.42 GHz Kryo 585 & 4x1.80 GHz Kryo 585) GPU :Adreno 650 Card slot :No Main Camera :Triple 48MP + 8MP + 5MP Selfie Camera :20MP Loudspeaker :Yes  with stereo speakers 3.5mm jack :No 24-bit/192kHz audio WLAN :Wi-Fi 802.11 a/b/g/n/ac/6  dual-band  Wi-Fi Direct  hotspot Bluetooth :5.1  A2DP  LE GPS :Yes  with dual-band A-GPS  GLONASS  BDS  GALILEO  QZSS  NavIC NFC :Yes Infrared port :Yes Radio :No USB :USB Type-C 2.0  USB On-The-Go Sensors :Fingerprint (side-mounted)  accelerometer  gyro  proximity  compass  color spectrum Battery :Li-Po 4520 mAh  non-removable Charging :Fast charging 33W  100% in 52 min (advertised) Colors :Arctic White  Night Black  Deep Ocean Blue,4.775.000,https://images.tokopedia.net/img/cache/500-square/VqbcmM/2021/6/5/949ffa84-80a3-4d05-9f98-fd4d89767894.jpg?ect=4g
IPHONE 8 SECOND - Gold  64 gb,SELAMAT DATANG DI VICTORIA MOBILE iPhone 8 Ready Stok Second Original EX Inter USA/AUS Untuk ketersediaan warna silahkan tanya terlebih dahulu Unit batangan  jika fullset bisa tambah kotak dus di pemesanan Kondisi Mulus 85-93% Fungsi Mesin Normal No Minus Battery Health 85% ke atas Skor 3utools Hijau Semua Unit bisa digunakan di semua provider (ALL OPERATOR) Silent Camera (Kamera dapat foto tanpa Suara) iCloud bebas Reset  bisa langsung login Apple ID GARANSI TOKO 1 MINGGU *WAJIB MELAKUKAN VIDEO UNBOXING SETELAH BARANG DITERIMA* Syarat dan Ketentuan Masa Garansi : - Wajib Melakukan video unboxing setelah barang diterima. Jika tidak ada  maka garansi dianggap VOID - All Unit wajib memiliki Segel utuh - Garansi tidak berlaku (void) jika kerusakan unit diakibatkan oleh Unit jatuh  terkena air/ cairan  Segel Rusak  atau kerusakan yang diakibatkan oleh pengguna (HUMAN ERROR) - Barang yang dikirim harus dalam keadaan fisik bagus seperti yang diterima - Ongkos Kirim & Retur ditanggung pembeli Catatan : - Jam Operasional Toko (Senin - Sabtu Pukul 10:00 - 18:00 WIB) - Pesanan yang dibuat sesudah pukul 18:00 akan diproses di hari berikutnya,2.850.000,https://images.tokopedia.net/img/cache/500-square/VqbcmM/2021/7/7/f9e1d2ba-b725-4001-a650-2d09100f117d.jpg?ect=4g
OPPO RENO 5F RAM 8/128 GB GARANSI RESMI OPPO INDONESIA - demo tanpa dus,NEW ARRIVAL!!! OPPO RENO 5F RAM 8/128 GB GARANSI RESMI OPPO INDONESIA. ORIGINAL 100%!!! IMEI TERDAFTAR DI KEMENPERIN ready warna : - Fluid Black - Fantastic Purple BACA DULU YA GAN BIAR GA SALAH PAHAM KETERANGAN: Barang akan kita open box sebelum kirim untuk ambil Kartu garansi  Jadi jangan KOMPLAIN. Kenapa ga segel? Fungsinya kami wajib setor Kartu Garansi untuk pihak OPPO supaya bila terjadi sesuatu dengan HP maka bisa langsung klaim di semua SERVICE CENTER OPPO DISELURUH INDONESIA. BONUS : 1. IRING 2. GURITA 3. TONGSIS 4. SOFTCASE ( bawaan ) 5. ANTI GORES ( bawaan ) 6. KARTU PERDANA 7. WATERPROOF CASE 8. EXCLUSIVE GIFT BOX OASE PL02 : - Stand Hp - Band Oase ( jam tangan ) - Headset Bluetooth SPESIFIKASI : Size 6.43 inches OS Android 11  ColorOS 11.1 Chipset Mediatek MT6779V Helio P95 (12 nm) Main Camera Quad 48MP+8MP+2MP+2MP Selfie Camera Singele 32MP Battery Li-Po 4310 mAh Garansi Resmi oppo 1 TahunM HAPPY SHOPPINGü§ó,3.199.900,https://images.tokopedia.net/img/cache/500-square/VqbcmM/2021/4/1/38d2e980-f114-4799-ab2f-82a8562b33f3.jpg?ect=4g
IPHONE XR SECOND - Blue  64 gb,SELAMAT DATANG DI Sun MOBILE Harap Menanyakan Stok Terlebih dahulu Unit batangan  jika fullset bisa tambah kotak dus dipemesanan BACA DESKRIPSI SEBELUM MEMBELI * Kondisi Mulus 90-95% * LCD ORIGINAL * Dapat diakses SEMUA PROVIDER (Pakai Kartu Jaringan Apa saja) * Dapat menggunakan iCloud (Hanya perlu Login Apple ID) * Battery Health tidak bisa request karena stok kami banyak dan BH random tapi dapat dipastikan Battery Health 85% ke atas * Bebas direset * Skor 3utool hijau semua *Sebelum dikirim kami akan melakukan QC (Quality check ) untuk mengurangi resiko retur GARANSI TOKO 1 MINGGU Garansi tidak berlaku (*void*) jika : * Terkena cairan * Segel Rusak/Hilang * Unit bekas jatuh (human error) * Barang yang dikirim harus dalam keadaan fisik bagus seperti yang diterima * Ongkos kirim & Retur ditanggung pembeli * Dll yang disebabkan Kelalaian Pengguna,4.900.000,https://images.tokopedia.net/img/cache/500-square/VqbcmM/2020/9/11/7106cb7a-3480-4100-a797-1a7714e97dcf.jpg?ect=4g
XIAOMI REDMI 9A GARANSI RESMI - Biru,READY STOK XIAOMI REDMI 9A RAM 2GB 32 GB - 3GB 32 GB Garansi Resmi Xiaomi Indonesia IMEI terdaftar 2GB 32GB ~ Ram 2 GB Internal 32 GB 3GB 32 GB ~ Ram 3 GB Internal 32 GB NETWORK Technology GSM / HSPA / LTE LAUNCH Announced 2020  June 30 Status Available. Released 2020  July 07 BODY Dimensions 164.9 x 77 x 9 mm (6.49 x 3.03 x 0.35 in) Weight 196 g (6.91 oz) SIM Dual SIM (Nano-SIM  dual stand-by) DISPLAY Type IPS LCD capacitive touchscreen  16M colors Size 6.53 inches  102.9 cm2 (~81.1% screen-to-body ratio) Resolution 720 x 1600 pixels  20:9 ratio (~269 ppi density) 400 nits typ. brightness (advertised) PLATFORM OS Android 10  MIUI 12 Chipset MediaTek Helio G25 (12 nm) CPU Octa-core 2.0 GHz Cortex-A53 GPU PowerVR GE8320 MEMORY Card slot microSDXC (dedicated slot) Internal 32GB 2GB RAM eMMC 5.1 MAIN CAMERA Single 13 MP  f/2.2  28mm (wide)  PDAF Features LED flash  HDR Video 1080p@30/60fps SELFIE CAMERA Single 5 MP  f/2.2  (wide)  1.12¬µm Features HDR Video 1080p@30fps SOUND Loudspeaker Yes 3.5mm jack Yes COMMS WLAN Wi-Fi 802.11 b/g/n  Wi-Fi Direct  hotspot Bluetooth 5.0  A2DP  LE GPS Yes  with A-GPS  GLONASS  BDS Radio FM radio USB microUSB 2.0  USB On-The-Go FEATURES Sensors Accelerometer  proximity BATTERY Li-Po 5000 mAh  non-removable Charging Charging 10W,1.313.000,https://images.tokopedia.net/img/cache/500-square/VqbcmM/2020/9/28/3a4e004d-de94-42bc-a7fd-ef87c4ef98e2.jpg?ect=4g
Samsung Galaxy S20 FE Qualcomm Snapdragon - Cloud Navy  8GB/128GB,"Produk Garansi 1 Tahun SEIN Qualcomm Snapdragon Series tersedia : 8GB 128 GB 8GB 256 GB Jaringan GSM / HSPA / LTE Sistem Operasi Android 10 RAM 8 GB ROM 128 GB Ukuran Layar 6.5 inch Tipe Layar Super AMOLED capacitive touchscreen  16M colors Resolusi Layar 1080 x 2400 pixels  20:9 ratio (~405 ppi density) Kamera Belakang Triple 12 MP  f/1.8  26mm (wide)  1/1.76""  1.8¬µm  Dual Pixel PDAF  OIS 8 MP  f/2.4  73mm (telephoto)  1/4.5""  1.0¬µm  PDAF  OIS  3x optical zoom 12 MP  f/2.2  123Àö  13mm (ultrawide)  1/3.0""  1.12¬µm Kamera Depan 32 MP  f/2.2  26mm (wide)  1/2.74""  0.8¬µm  AF Fitur Kamera LED flash  auto-HDR  panorama Audio 32-bit/384kHz audio Tuned by AKG WLAN Wi-Fi 802.11 a/b/g/n/ac/6  dual-band  Wi-Fi Direct  hotspot Bluetooth 5.0  A2DP  LE GPS A-GPS  GLONASS  BDS  GALILEO Sensor Fingerprint (under display  optical)   accelerometer  gyro  proximity  compass Baterai 4500 mAh Pengisian Daya Type-C  Fast charging 15W Slot Memori Eksternal MicroSD Slot SIM Hybrid Dual Nano SIM Berat 190 g Dimensi 159.8 x 74.5 x 8.4 mm Lainnya NFC",7.199.000,https://images.tokopedia.net/img/cache/500-square/VqbcmM/2021/7/5/7e234093-8dcf-4a0f-8ca8-603b3fc59507.jpg?ect=4g
Infinix Hot 10s 6/128 garansi resmi - Hijau,,1.958.000,https://images.tokopedia.net/img/cache/500-square/VqbcmM/2021/6/15/c13ee04e-3669-402e-9825-53ccb89f867c.jpg?ect=4g
infinix hot 10 play 4/64 - random  4/64,masa garansi 1 th baterai 6000 mah tipe prosesor mediatek helio G25 ram 4/64 kamera utama 13 mp ukuran layar 6.82 inci,1.535.000,https://images.tokopedia.net/img/cache/500-square/VqbcmM/2021/9/6/4aaeeb5b-f301-4346-b82c-34f609cf3c01.jpg?ect=4g
Resmi Samsung Galaxy S20 FE G780G Snapdragon 865 BNIB New Segel Murah - Cloud Navy  8/128,"NEW BNIB SEGEL RESMI SEIN VERSI SM-G780G SNAPDRAGON 865 ‚úÖ Free case (warna random) + carbon skin ‚úÖ Packing super aman HP Flagship Samsung paling ""worth it"" diharga Midrange #Mending_S20_FE ‚úÖ Kondisi New & Segel  bukan Bekas / Repack / Dropship Garansi Resmi Samsung Indonesia 1 Tahun IMEI sudah kami cek terdaftar di KEMENPERIN Trusted Seller  cek review kami: ‚úÖ https://www.tokopedia.com/ggid-store/review Gunakan kupon cashback: ‚úÖ https://www.tokopedia.com/rewards/kupon-saya ‚ú¥ Samsung DEX (colok ke monitor jd seperti komputer) ‚ú¥ Fast Wireless Charging 15W ‚ú¥ Reverse Wireless Charging (bisa charge Earbud/TWS) ‚ú¥ Layar Super AMOLED 120Hz ‚ú¥ IP68 dust/water resistant (up to 1.5m for 30 mins) ‚ú¥ Update to OneUI 3.1 stable  baterai awet & tidak panas ‚ú¥ Jaminan Android Update hingga 3 tahun/version ‚ú¥ Performa & Battery Life jauh lebih baik dari Exynos Spek Lengkap: Ukuran layar: 6.5 inci  1080 x 2400 pixels  Super AMOLED 120Hz  16M colors Memori: RAM 8 GB  ROM 128/256 GB  MicroSD Slot upto 1 TB Sistem operasi: Android 10 CPU: Snapdragon 865 GPU: Adreno 650 Kamera: Triple 12 MP  f/1.8 (wide); 8 MP  f/2.4 (telephoto); 12 MP  f/2.2 (ultrawide)  depan 32 MP  f/2.2 (wide) SIM: Hybrid Dual SIM Baterai: Non-removable Li-Po 4500 mAh Berat: 190 gram * Wajib video unboxing tanpa jeda/pause jika komplain ‚ö†Ô∏è Info Pengiriman di Hari yg sama: üöö Khusus JNE  SiCepat  maks jam 18.00 WIB üöö Khusus Sameday  maks jam 15.00 WIB üöö Khusus Instant  maks jam 17.00 WIB Selain kurir di atas  menyesuaikan",6.795.000,https://images.tokopedia.net/img/cache/500-square/VqbcmM/2021/9/22/75c1cad7-cd6a-46ba-9c45-0464c531805c.jpg?ect=4g
Maxtron C28 Pro Garansi Resmi - Green Black,"Ready Stok Black Green dan Blue Green *10 November 2021 Spesifikasi : - LAYAR : 1 8"" - DUAL SIM GSM ON - MODE GETAR - BATT 600mAh FITUR : Camera  FM Radio  Bluetooth  Torch  MP3  Slot Micro SD",119.000,https://images.tokopedia.net/img/cache/500-square/VqbcmM/2021/8/13/d67a9ef5-17ca-4c0c-ba6b-105fa02604c4.jpg?ect=4g
